"model","permutation","rank","loglik","npar","init_best","bic"
"CP",NA,1,-5622711.5873448,109,10,11246109.5596055
"CP",NA,2,-5509319.34529222,217,7,11020005.1633069
"CP",NA,3,-5426221.2550119,325,6,10854489.0705528
"CP",NA,4,-5371627.12009816,433,6,10745980.8885319
"CP",NA,5,-5325599.10613873,541,7,10654604.9484195
"CP",NA,6,-5282541.38106369,649,6,10569169.586076
"CP",NA,7,-5243251.07667236,757,9,10491269.0650999
"CP",NA,8,-5209786.11899247,865,9,10425019.2375467
"CP",NA,9,-5180113.46725697,973,2,10366354.0218822
"CP",NA,10,-5141831.43548564,1081,7,10290470.0461461
"CP",NA,11,-5119180.76491059,1189,10,10245848.7928026
"CP",NA,12,-5093066.18429845,1297,1,10194299.7193849
"CP",NA,13,-5073686.19495218,1405,6,10156219.8284989
"CP",NA,14,-5057199.17746726,1513,3,10123925.8813356
"CP",NA,15,-5023875.91489562,1621,5,10057959.4439988
"CP",NA,16,-5022595.53867568,1729,10,10056078.7793655
"CP",NA,17,-4998126.26468239,1837,10,10007820.3191855
"CP",NA,18,-4972175.56205889,1945,3,9956599.00174504
"CP",NA,19,-4961873.34313874,2053,4,9936674.6517113
"CP",NA,20,-4942151.1560553,2161,4,9897910.36535099
"CP",NA,21,-4922493.66483087,2269,1,9859275.47070868
"CP",NA,22,-4913999.3926168,2377,10,9842967.01408708
"CP",NA,23,-4896861.14581837,2485,10,9809370.60829677
"CP",NA,24,-4892258.56650223,2593,1,9800845.53747105
"CP",NA,25,-4872981.61496313,2701,4,9762971.72219939
"CP",NA,26,-4858986.85381114,2809,1,9735662.28770198
"CP",NA,27,-4850666.72622286,2917,4,9719702.12033197
"CP",NA,28,-4843521.10782591,3025,10,9706090.97134462
"CP",NA,29,-4846099.5074215,3133,9,9711927.85834235
"CP",NA,30,-4836110.33689043,3241,5,9692629.60508676
