rank,loglik,bic,npar,init_best
1,-8484999.374634825,16970659.945748243,105,42
2,-6897544.001388238,13796410.395733662,210,23
3,-5965525.410425008,11933034.410285795,315,23
4,-5397336.559603893,10797317.905122159,420,17
5,-4914550.59855104,9832407.179495044,525,4
6,-4555319.20771956,9114605.594310679,630,40
7,-4189238.0168168815,8383104.408983914,735,2
8,-3994833.2994117984,7994956.170652341,840,4
9,-3756735.311585909,7519421.391479156,945,36
10,-3684372.4897723487,7375356.944330628,1050,45
11,-3520583.9677614355,7048441.096787395,1155,14
12,-3447460.2384586707,6902854.834660458,1260,22
13,-3316222.980146189,6641041.514514089,1365,37
14,-3212969.9893963747,6435196.729493052,1470,19
15,-3146969.9435141725,6303857.8342072405,1575,16
16,-3094363.686277345,6199306.516212178,1680,24
17,-3006815.448986772,6024871.238109626,1785,30
18,-2901723.7818311313,5815349.100276938,1890,45
19,-2869580.391830361,5751723.51675399,1995,27
20,-2846122.424310284,5705468.77819243,2100,1
21,-2786747.2751088142,5587379.676268083,2205,35
22,-2745879.8230920453,5506305.968713138,2310,43
23,-2714784.386458706,5444776.291925053,2415,25
24,-2673298.468307564,5362465.652101361,2520,20
25,-2617589.0877584056,5251708.0874816375,2625,19
26,-2586591.3131511672,5190373.734745754,2730,32
27,-2633678.97674519,5285210.258412393,2835,10
28,-2590989.6386009296,5200492.778602465,2940,15
29,-2547933.999447998,5115042.696775195,3045,35
30,-2526020.133672376,5071876.161702544,3150,25
